sex;prefecture;pop_total;0;1;2;3;4;5;6;7;8;9;10;11;12;13;14;15;16;17;18;19;20;21;22;23;24;25;26;27;28;29;30;31;32;33;34;35;36;37;38;39;40;41;42;43;44;45;46;47;48;49;50;51;52;53;54;55;56;57;58;59;60;61;62;63;64;65;66;67;68;69;70;71;72;73;74;75;76;77;78;79;80;81;82;83;84;85;86;87;88;89;90;91;92;93;94;95;96;97;98;99;100
Male;Hokkaido;2.465.088;15.240;15.884;16.650;17.315;18.050;18.748;19.060;19.382;19.659;20.046;20.612;20.571;21.111;21.161;21.408;21.333;22.697;22.861;23.910;23.584;23.682;23.341;23.659;23.535;23.023;23.385;23.303;22.880;23.425;23.403;23.684;24.396;25.643;26.252;26.642;27.602;28.698;29.346;29.013;29.654;31.306;32.606;33.718;34.605;36.565;38.590;39.622;39.741;39.092;37.495;35.979;35.270;34.661;35.061;27.668;34.185;32.809;32.658;32.138;32.498;32.997;32.809;31.700;31.954;33.072;34.361;35.812;37.616;39.542;40.590;42.848;43.938;41.476;36.300;26.948;24.578;27.845;27.233;26.287;24.819;22.641;19.421;20.261;18.956;17.603;16.342;14.331;12.595;10.950;9.234;7.867;5.955;4.902;3.498;2.485;1.820;1.222;778;529;342;516
Male;Aomori-ken;583.402;3.461;3.581;3.889;3.983;4.245;4.250;4.529;4.508;4.587;4.664;4.744;4.790;5.082;5.051;5.119;5.242;5.747;5.990;5.566;4.899;4.944;5.081;4.885;4.706;4.684;4.800;5.010;4.830;5.025;5.034;5.091;5.342;5.633;5.654;5.950;6.300;6.553;6.749;6.759;6.906;7.413;7.612;7.760;8.019;8.186;8.608;8.812;8.873;8.673;8.405;8.462;8.421;8.666;8.350;6.831;8.374;8.211;8.095;8.371;8.441;8.480;8.892;8.588;8.487;8.590;9.212;9.362;9.768;9.961;10.046;10.720;10.894;10.362;9.887;5.777;5.793;6.745;6.485;6.415;5.712;5.301;4.488;5.003;4.743;4.235;3.924;3.357;3.011;2.562;2.109;1.571;1.278;1.038;721;513;353;214;136;82;56;85
Male;Iwate-ken;582.952;3.321;3.629;3.799;4.114;4.257;4.381;4.510;4.695;4.744;4.730;4.944;5.154;5.205;5.316;5.120;5.386;5.702;5.832;5.494;5.010;5.032;4.768;4.813;4.971;4.725;4.958;4.925;4.999;5.116;5.098;5.259;5.406;5.691;5.697;6.091;6.187;6.598;6.691;6.945;6.932;7.194;7.517;7.899;7.976;8.392;8.574;8.743;8.809;8.649;8.215;8.117;8.132;8.180;8.032;6.588;8.132;8.101;8.111;8.092;8.196;8.324;8.648;8.645;8.291;8.930;9.128;9.147;9.512;9.857;9.909;10.260;10.542;9.753;8.990;5.625;5.462;6.840;6.341;6.251;5.889;5.456;4.869;5.080;4.782;4.634;4.148;3.614;3.261;2.943;2.352;1.941;1.587;1.235;905;678;461;305;191;89;72;111
Male;Miyagi-ken;1.122.598;7.265;7.867;8.085;8.480;9.039;9.357;9.349;9.644;9.254;9.765;9.813;9.754;10.257;10.152;9.835;10.193;10.765;10.805;12.156;13.131;12.918;12.440;12.255;12.621;12.305;12.061;11.441;11.492;11.673;11.722;11.978;12.165;12.799;13.215;13.224;13.933;14.014;14.404;14.598;14.694;15.431;15.733;16.100;16.503;16.991;17.231;18.060;17.992;17.540;16.805;16.256;15.873;15.713;15.882;12.160;14.769;14.416;14.234;14.203;14.247;14.307;14.557;14.364;14.380;15.043;15.553;15.123;15.893;16.642;16.856;17.865;18.028;17.211;14.929;8.867;9.671;11.514;10.932;10.399;9.676;8.826;7.597;7.666;7.459;6.601;6.150;5.422;4.819;4.234;3.519;2.790;2.431;1.811;1.423;989;740;454;290;184;129;197
Male;Akita-ken;452.439;2.226;2.460;2.577;2.752;2.905;3.033;3.136;3.177;3.254;3.389;3.593;3.584;3.759;3.819;3.862;3.838;4.075;4.089;3.651;3.336;3.386;3.326;3.203;3.175;3.279;3.397;3.353;3.413;3.468;3.416;3.594;3.825;4.085;4.165;4.291;4.674;4.956;5.059;5.173;5.211;5.632;5.862;5.990;6.272;6.496;6.428;6.583;6.418;6.370;6.041;6.094;6.028;5.933;6.138;4.826;6.176;6.109;6.358;6.367;6.645;7.003;7.167;6.960;7.269;7.253;7.778;8.068;8.196;8.280;8.364;9.356;9.422;8.138;8.481;4.532;4.624;5.578;5.243;5.432;4.886;4.473;4.004;4.408;4.370;4.279;3.733;3.240;2.937;2.461;2.191;1.767;1.310;1.107;777;561;404;248;157;95;57;100
Male;Yamagata-ken;516.438;3.251;3.272;3.583;3.648;3.946;4.001;4.077;4.134;4.186;4.380;4.464;4.520;4.757;4.687;4.794;4.815;5.074;5.135;4.928;4.624;4.689;4.560;4.344;4.345;4.342;4.280;4.372;4.344;4.380;4.553;4.587;4.851;5.106;5.341;5.555;5.635;6.039;5.913;6.118;6.192;6.478;6.719;6.992;6.974;7.272;7.110;7.291;7.146;7.117;6.822;6.817;6.587;6.703;6.893;5.333;6.724;6.774;6.879;7.017;7.011;7.310;7.529;7.610;7.516;7.760;7.989;8.041;8.443;8.783;9.280;9.771;9.756;8.809;8.263;4.742;5.359;5.991;5.486;5.596;5.196;4.871;4.196;4.578;4.310;4.185;3.739;3.320;3.035;2.635;2.320;1.976;1.473;1.224;911;667;456;341;185;110;81;114
Male;Fukushima-ken;903.864;5.538;5.706;6.226;6.602;6.799;7.000;7.355;7.252;6.882;7.435;7.548;7.595;7.890;7.883;8.115;8.372;8.786;8.862;8.701;8.176;8.127;8.011;7.945;7.812;8.106;8.422;8.373;8.484;8.874;8.791;8.919;9.053;9.494;9.778;10.187;10.550;10.511;10.803;10.717;10.861;11.614;11.744;11.987;12.387;12.997;13.176;13.760;13.659;13.102;12.711;12.471;12.136;12.408;12.744;10.000;12.759;12.342;12.409;12.473;12.797;13.206;13.741;13.326;13.227;14.060;14.209;14.204;14.582;15.336;15.336;16.209;15.903;15.545;13.412;7.185;8.108;10.267;9.507;9.144;8.392;7.837;6.458;6.849;6.483;6.107;5.524;4.795;4.386;3.928;3.366;2.715;2.311;1.721;1.363;988;693;441;280;206;116;181
Male;Ibaraki-ken;1.430.976;8.802;9.336;9.955;10.417;10.913;11.254;11.495;11.641;11.803;12.265;12.321;12.695;13.006;12.916;12.800;13.163;13.858;13.827;14.177;13.836;14.332;14.373;14.565;14.441;14.549;14.515;14.442;14.502;14.349;14.620;14.880;15.155;15.684;16.253;16.427;16.656;17.407;17.732;17.807;17.771;18.575;19.140;19.821;20.538;21.093;22.339;23.722;23.659;23.270;22.902;21.768;21.145;20.829;20.888;15.688;19.476;18.448;17.943;17.332;17.294;17.460;18.328;17.621;17.890;19.132;19.590;19.434;20.496;21.679;22.282;22.969;23.914;23.046;22.171;14.149;14.206;16.826;16.361;16.150;15.024;13.170;10.453;10.689;9.863;8.943;7.760;6.466;5.688;4.892;4.121;3.428;2.695;2.200;1.551;1.235;863;521;352;200;132;216
Male;Tochigi-ken;964.930;6.083;6.512;6.960;7.187;7.555;7.960;7.700;7.879;7.968;8.280;8.477;8.519;8.985;8.693;8.845;9.097;9.242;9.345;8.988;8.652;8.761;8.735;9.055;9.231;9.645;9.950;10.037;9.880;10.029;10.022;10.485;10.437;10.816;11.301;11.364;11.857;12.161;12.324;12.382;12.436;13.014;13.453;13.624;14.191;14.680;15.340;16.109;16.244;15.780;15.340;14.290;14.145;13.658;13.791;10.599;13.083;12.453;12.378;11.821;11.974;12.235;12.707;12.413;12.350;13.213;13.713;13.409;14.143;14.569;15.202;15.882;16.338;15.973;14.751;9.103;8.997;10.643;10.023;9.754;9.036;7.974;6.445;6.504;6.087;5.580;4.964;4.258;3.744;3.326;2.813;2.212;1.877;1.500;1.028;766;615;411;242;131;72;125
Male;Gumma-ken;959.411;6.115;6.338;6.810;6.944;7.240;7.451;7.607;7.780;7.696;8.310;8.412;8.777;8.983;8.798;8.797;9.160;9.519;9.612;9.701;9.536;9.644;9.623;9.618;9.781;9.403;9.715;9.780;9.554;9.622;9.525;9.857;9.980;10.142;10.302;10.401;10.813;11.112;11.299;11.440;11.715;12.207;12.689;13.253;13.665;14.385;14.816;15.966;16.053;15.934;15.311;14.640;14.316;14.337;14.222;10.292;13.423;12.534;11.902;11.758;11.491;11.548;12.021;11.693;11.671;12.328;13.248;12.476;13.182;13.972;14.448;15.459;16.375;15.858;15.484;9.978;9.696;11.493;10.712;10.708;9.916;8.654;6.970;7.004;6.675;6.123;5.296;4.864;4.180;3.634;3.163;2.623;2.152;1.689;1.227;952;710;427;285;131;107;173
Male;Saitama-ken;3.652.169;24.703;25.736;27.123;27.790;29.251;29.983;29.777;30.500;30.097;31.400;31.736;31.826;32.281;32.445;32.003;32.062;32.733;33.432;35.326;37.339;38.858;39.416;39.869;40.072;39.980;40.874;40.188;39.405;39.445;39.446;40.135;40.535;41.849;42.115;42.603;44.130;45.737;46.475;47.075;47.283;49.330;51.187;53.289;54.093;57.383;60.198;64.364;66.195;65.684;63.663;61.045;59.620;57.368;56.968;43.583;53.283;49.143;46.687;43.887;42.601;42.117;42.037;40.708;39.183;40.826;42.818;41.868;44.102;46.612;49.097;52.448;56.344;55.145;53.699;33.906;34.879;42.725;41.230;40.310;37.179;32.701;26.394;26.145;24.108;22.367;18.805;15.094;12.831;10.638;8.514;6.590;5.217;3.982;2.853;2.212;1.406;901;600;357;207;410
Male;Chiba-ken;3.117.987;20.706;21.808;22.942;23.467;24.428;25.370;25.019;25.716;25.720;26.387;27.025;27.272;27.519;27.290;27.080;27.129;28.169;28.297;30.399;31.961;33.396;33.738;34.514;34.498;34.520;34.664;34.434;33.457;33.626;33.465;33.975;34.622;35.603;36.555;36.314;38.321;39.191;39.672;40.030;40.182;41.451;43.092;44.329;45.846;48.278;50.531;53.551;55.125;54.738;53.922;51.500;50.370;49.036;48.129;36.625;44.819;41.447;39.702;37.273;36.630;35.968;36.165;34.534;33.745;35.225;36.340;35.990;37.826;40.358;42.172;45.119;48.762;48.272;47.192;29.247;29.860;36.562;35.269;34.342;32.300;27.595;22.667;22.501;21.519;19.575;16.550;13.649;11.805;9.982;7.990;6.309;4.921;3.927;2.919;2.139;1.408;877;565;363;243;360
Male;Tokyo-to;6.898.388;51.004;51.983;53.817;54.239;55.589;55.980;54.580;54.642;53.168;53.805;54.025;53.587;53.283;52.270;50.679;50.056;51.473;51.775;58.453;67.784;74.877;77.299;85.155;92.141;97.402;101.504;102.407;98.633;99.534;96.235;95.935;95.933;97.102;98.157;98.186;101.451;103.668;104.539;102.962;102.874;105.447;106.505;108.932;109.478;112.982;115.218;120.817;123.267;121.204;118.463;116.114;116.007;112.307;111.955;89.558;105.740;97.750;91.373;85.721;80.820;78.654;76.224;71.181;66.905;66.510;67.610;65.675;67.341;70.466;73.703;78.849;85.788;85.702;81.313;49.200;51.327;61.000;58.699;57.210;54.025;47.139;38.921;39.097;37.761;36.404;32.202;26.983;24.440;20.393;16.783;13.585;10.563;8.491;6.438;4.781;3.351;2.066;1.388;926;592;858
Male;Kanagawa-ken;4.588.268;31.519;32.858;34.340;34.804;36.289;37.339;37.288;37.926;37.944;38.786;39.268;39.314;39.841;39.869;39.531;39.063;40.589;40.677;43.867;48.250;50.701;51.675;53.863;53.450;54.813;55.315;54.788;52.549;52.273;51.560;51.594;51.577;53.169;53.961;54.847;56.820;58.658;59.767;59.854;60.050;62.782;64.962;66.947;69.349;71.946;75.144;80.457;83.402;81.814;81.359;80.303;79.608;77.585;77.711;60.748;72.174;65.929;62.713;58.579;55.678;54.028;53.163;50.136;47.075;48.168;48.912;47.781;49.669;53.454;56.080;59.828;65.036;63.576;60.949;38.605;40.098;48.134;46.233;45.553;42.457;37.422;31.387;30.806;29.190;27.288;23.672;19.363;17.106;14.504;11.853;9.505;7.596;5.983;4.385;3.286;2.276;1.406;911;593;361;604
Male;Niigata-ken;1.068.670;6.420;6.941;7.288;7.689;8.118;8.304;8.468;8.759;8.788;9.139;9.167;9.362;9.481;9.624;9.583;9.547;10.391;9.966;10.222;10.034;9.841;9.391;9.483;9.398;9.351;9.143;9.649;9.298;9.652;9.579;10.095;10.274;10.823;10.907;11.783;12.024;12.165;12.271;12.358;13.016;13.606;14.024;14.713;15.015;15.700;15.753;16.616;16.415;15.937;15.563;15.170;15.365;14.833;15.262;11.732;14.822;13.899;13.934;13.568;13.685;14.207;14.780;14.530;14.614;15.040;15.964;15.809;16.566;17.134;17.797;19.058;19.718;18.821;17.953;9.900;10.472;12.379;11.787;11.673;11.052;10.087;8.611;8.922;8.266;8.394;6.949;6.043;5.691;4.867;4.243;3.422;2.814;2.207;1.752;1.281;879;541;370;253;168;252
Male;Toyama-ken;502.637;3.250;3.420;3.516;3.660;3.824;3.867;3.896;4.019;4.080;4.212;4.212;4.360;4.440;4.510;4.651;4.772;4.981;4.926;4.831;4.533;4.764;4.690;4.898;4.738;4.865;5.122;4.898;4.693;4.844;4.670;4.902;4.955;4.998;5.147;5.264;5.455;5.613;5.771;5.786;5.863;6.197;6.400;6.981;7.155;7.840;8.049;8.544;8.746;8.621;8.150;7.720;7.590;6.912;7.011;5.359;6.613;6.340;6.384;5.962;6.041;6.287;6.195;5.948;5.887;6.222;6.601;6.428;6.865;7.232;7.364;8.424;9.273;9.482;10.056;4.891;5.156;6.512;5.727;6.275;5.530;4.602;3.821;3.720;3.701;3.718;2.953;2.734;2.601;2.022;1.824;1.483;1.298;962;725;511;357;260;172;115;75;117
Male;Ishikawa-ken;549.771;3.876;3.997;4.275;4.416;4.589;4.702;4.642;4.786;4.845;4.884;4.869;5.047;5.059;5.195;5.083;5.157;5.462;5.736;6.112;6.655;6.950;6.707;6.523;6.034;5.908;5.739;5.645;5.472;5.382;5.240;5.524;5.643;5.654;5.883;5.921;5.975;6.190;6.323;6.421;6.415;6.779;7.083;7.537;7.934;8.409;8.824;9.263;9.358;9.184;8.624;8.260;7.813;7.515;7.730;5.817;7.209;6.862;6.625;6.379;6.485;6.591;6.755;6.557;6.271;6.395;6.969;7.034;6.957;7.297;7.476;8.623;9.644;9.947;10.014;4.926;4.996;6.487;6.143;6.270;5.375;4.653;3.652;3.583;3.493;3.534;2.842;2.619;2.502;1.976;1.736;1.384;1.219;964;632;561;356;253;162;113;71;113
Male;Fukui-ken;373.973;2.687;2.791;2.892;2.973;3.086;3.282;3.230;3.283;3.361;3.494;3.483;3.673;3.650;3.664;3.712;3.762;3.849;4.082;3.669;3.262;3.578;3.526;3.593;3.591;3.606;3.725;3.681;3.700;3.681;3.737;3.668;3.955;3.911;4.009;4.158;4.186;4.346;4.381;4.296;4.414;4.680;4.824;5.077;5.149;5.328;5.577;5.836;6.017;5.851;5.474;5.277;5.116;5.148;5.125;3.672;5.221;4.792;4.908;4.778;4.744;4.725;4.967;4.817;4.689;4.795;5.092;4.802;5.168;5.385;5.676;6.255;6.806;6.561;5.844;2.941;3.341;4.088;4.278;4.068;3.722;3.111;2.569;2.663;2.696;2.754;2.152;2.016;1.978;1.606;1.464;1.137;970;780;564;452;309;187;107;76;52;89
Male;Yamanashi-ken;397.309;2.599;2.615;2.862;2.848;3.015;3.102;3.177;3.066;3.193;3.300;3.541;3.379;3.465;3.544;3.620;3.769;4.163;4.198;4.331;4.316;4.291;4.093;4.215;3.851;3.711;3.787;3.809;3.721;3.796;3.711;3.735;3.773;4.051;4.150;4.035;4.298;4.294;4.381;4.554;4.481;4.749;4.777;5.112;5.144;5.543;5.771;6.113;6.146;6.252;6.187;6.101;5.991;5.821;6.041;5.011;5.855;5.507;5.478;5.298;5.274;5.282;5.301;5.174;5.077;5.437;5.477;5.506;5.731;5.808;6.250;6.254;6.834;6.585;6.096;3.677;3.802;4.607;4.627;4.394;4.121;3.683;3.069;2.978;2.931;2.689;2.400;2.129;1.911;1.669;1.554;1.217;1.042;847;649;479;374;233;144;102;63;95
Male;Nagano-ken;1.000.389;6.575;7.011;7.214;7.479;8.072;8.177;8.221;8.483;8.661;8.903;9.084;9.079;9.395;9.606;9.635;9.781;10.180;10.254;9.536;8.532;8.371;8.477;8.803;8.793;9.028;9.290;9.155;9.034;9.053;9.057;9.289;9.438;9.893;10.098;10.218;10.631;10.823;10.982;11.339;11.631;12.446;12.705;13.663;13.978;14.728;15.343;16.157;16.099;15.779;15.590;15.265;14.720;14.374;14.365;11.505;14.002;12.819;12.856;12.701;12.733;12.505;12.742;12.516;12.415;12.980;13.455;13.084;13.589;14.055;15.211;16.302;17.528;17.049;15.706;9.447;10.644;12.790;11.663;11.860;10.689;9.965;7.938;8.227;8.104;7.378;6.638;6.102;5.663;5.034;4.423;3.699;3.029;2.503;1.977;1.446;1.040;692;488;301;169;234
Male;Gifu-ken;960.436;6.277;6.664;7.233;7.331;7.889;8.120;8.147;8.589;8.668;9.096;9.083;9.078;9.410;9.352;9.301;9.492;9.776;10.266;9.992;9.333;9.783;9.545;9.521;9.410;9.106;9.143;8.923;9.000;8.923;8.762;9.282;9.596;9.810;9.997;10.162;10.469;10.913;11.008;11.057;11.276;11.934;12.351;12.993;13.304;13.977;14.966;15.607;15.623;15.543;14.904;14.532;13.873;13.864;13.525;10.235;13.535;12.297;12.129;11.817;11.642;11.811;11.938;11.627;11.166;11.873;12.026;12.114;13.006;13.673;14.047;15.391;17.206;17.361;15.185;9.221;10.067;11.679;10.987;10.862;10.316;9.392;7.451;7.463;7.364;6.666;5.957;5.026;4.541;3.836;3.284;2.717;2.161;1.685;1.211;946;642;436;250;159;104;155
Male;Shizuoka-ken;1.791.118;11.617;12.432;13.101;13.700;14.492;14.600;15.005;15.605;15.804;15.975;16.326;16.568;16.711;16.903;16.552;16.906;17.637;17.879;17.293;15.459;15.639;15.730;16.204;16.539;17.126;17.825;18.066;17.401;17.470;17.637;18.277;18.569;19.524;20.121;20.090;21.016;21.540;21.759;21.431;21.988;23.030;23.668;24.354;24.818;26.429;27.880;29.104;29.917;28.994;28.384;27.458;27.211;26.488;26.599;20.047;25.725;23.831;22.996;22.350;22.137;22.261;22.805;22.486;21.896;22.687;23.536;22.367;24.281;25.559;26.960;28.526;30.259;30.206;26.850;16.707;18.289;21.651;20.355;19.865;18.764;17.164;13.662;13.636;13.399;11.971;10.462;9.198;7.751;6.939;5.876;4.639;3.764;3.082;2.276;1.788;1.182;787;514;305;194;282
Male;Aichi-ken;3.761.502;29.025;29.954;31.150;31.670;33.115;33.593;33.302;34.105;34.555;35.383;35.147;35.307;35.860;35.774;34.794;34.547;35.948;36.013;38.756;40.619;41.410;41.544;43.403;44.540;44.811;45.761;45.965;44.422;44.811;44.208;45.284;45.148;46.072;47.065;46.932;48.136;49.693;49.313;48.964;49.707;51.516;52.327;53.203;54.989;58.171;60.853;65.191;66.261;65.347;63.316;60.604;59.040;58.262;56.469;43.091;53.766;49.270;47.681;45.082;42.794;41.543;41.845;39.918;37.724;39.483;39.419;38.940;41.169;42.372;44.482;48.991;54.614;53.651;48.943;32.046;34.355;39.808;36.976;37.593;34.682;31.149;25.041;24.564;23.381;21.336;18.038;15.680;12.912;11.214;9.120;7.151;5.731;4.516;3.246;2.457;1.628;1.053;678;407;259;348
Male;Mie-ken;864.475;5.805;6.032;6.443;6.534;6.970;7.088;7.098;7.392;7.653;7.904;7.893;7.942;8.088;8.188;8.206;8.192;8.671;8.927;8.423;7.955;8.134;8.165;8.429;8.670;8.695;9.078;9.056;8.658;8.569;8.718;8.848;9.100;9.394;9.483;9.509;9.696;10.400;10.191;10.202;10.233;10.633;11.233;11.656;12.015;12.772;13.360;14.111;14.539;14.326;13.754;13.281;12.620;12.770;12.595;9.349;12.400;11.689;11.420;10.845;10.572;10.585;10.806;10.508;9.900;10.535;10.912;10.660;11.281;11.748;12.273;13.255;14.570;14.679;13.225;7.808;8.601;10.446;9.922;9.638;8.946;8.117;6.469;6.681;6.447;6.104;5.170;4.613;4.000;3.584;2.973;2.470;1.989;1.555;1.145;842;574;310;232;130;75;125
Male;Shiga-ken;697.429;5.353;5.597;5.969;6.106;6.300;6.616;6.632;6.830;6.818;7.060;7.058;6.978;7.163;7.172;7.202;7.075;7.311;7.234;7.808;8.251;8.527;8.444;8.089;7.716;7.585;7.645;7.400;7.299;7.263;7.247;7.616;7.767;8.102;8.025;8.147;8.377;8.673;8.940;8.632;8.909;9.381;9.403;9.767;10.072;10.434;11.018;11.450;11.686;11.661;10.843;10.368;10.042;9.685;9.675;7.325;9.350;8.657;8.469;8.397;7.821;7.948;8.037;8.047;7.528;7.828;8.366;7.923;8.478;8.842;9.362;9.897;11.021;10.524;9.532;5.899;5.937;7.309;7.093;6.887;6.337;5.462;4.264;4.410;4.288;4.105;3.364;3.017;2.579;2.349;1.987;1.593;1.316;1.072;801;594;397;242;118;67;58;111
Male;Kyoto-fu;1.231.468;8.160;8.759;8.976;9.225;9.986;10.048;9.942;10.253;10.216;10.707;10.715;10.881;11.034;10.971;11.181;11.210;11.271;11.993;13.720;15.798;16.501;16.807;15.990;15.187;15.157;14.514;13.831;13.150;12.646;12.158;12.361;12.715;12.989;13.069;13.205;13.483;14.154;14.262;14.064;14.300;15.096;15.605;16.752;17.011;18.013;18.702;20.056;20.626;20.302;19.674;18.917;18.375;17.801;17.372;13.835;16.945;15.639;15.025;14.843;13.710;14.229;14.093;13.677;12.979;13.449;13.924;13.832;14.495;15.527;16.861;18.549;21.560;21.229;19.715;11.510;11.649;14.983;14.087;14.316;13.388;11.071;9.006;9.263;9.135;8.580;7.253;6.364;5.483;4.793;4.061;3.143;2.625;2.003;1.489;1.174;771;480;309;199;108;218
Male;Osaka-fu;4.235.956;31.012;31.602;33.050;33.201;34.007;34.882;34.543;35.390;36.016;36.136;37.227;37.268;38.305;37.645;37.660;37.810;38.611;39.342;43.493;46.847;48.163;48.572;48.906;49.027;49.530;49.024;48.618;47.822;47.439;46.701;47.488;46.943;48.035;48.944;49.110;49.438;51.039;51.929;51.279;51.508;53.810;54.710;57.668;59.600;63.018;66.673;72.736;74.278;74.410;73.123;70.846;69.408;66.562;64.753;51.010;62.341;56.568;54.371;51.980;48.529;47.951;47.304;44.953;42.260;44.270;45.345;45.937;48.509;51.156;55.280;58.682;67.898;66.681;63.498;37.750;40.653;49.564;46.375;48.616;46.246;38.551;31.934;31.493;30.322;28.085;23.081;19.196;16.761;14.264;10.965;8.521;6.848;5.429;3.705;2.798;1.891;1.246;741;465;296;480
Male;Hyogo-ken;2.599.756;18.588;19.284;20.209;21.385;22.234;22.589;22.794;23.152;23.617;24.242;24.232;24.385;25.147;24.995;24.665;24.732;25.450;26.013;26.362;26.593;26.528;26.518;26.625;25.412;24.953;25.048;25.230;24.765;24.962;24.968;25.674;26.512;27.078;27.731;28.542;29.192;30.245;30.794;30.361;30.951;32.207;33.148;34.738;35.915;38.097;40.485;43.208;44.040;43.475;41.945;40.799;40.257;38.989;38.316;29.865;36.744;34.388;33.665;32.471;31.353;31.044;31.803;30.761;29.755;31.348;31.790;31.690;33.632;34.976;37.255;39.189;44.920;43.871;41.212;24.281;25.840;31.008;28.955;29.592;28.100;23.049;19.261;19.235;18.730;17.777;15.222;12.655;11.714;10.031;8.251;6.547;5.239;4.308;3.069;2.349;1.602;1.119;647;414;260;393
Male;Nara-ken;623.926;3.972;4.411;4.651;4.676;4.982;5.275;5.118;5.447;5.562;5.608;5.678;5.841;5.753;6.018;6.004;6.145;6.510;6.652;6.883;6.748;6.787;6.520;6.233;5.881;5.517;5.350;5.155;5.241;5.248;5.431;5.452;5.694;6.067;6.006;6.202;6.425;6.753;6.685;6.834;6.814;7.062;7.448;7.969;8.130;8.630;9.148;9.788;10.126;10.150;9.516;9.295;9.079;8.989;8.959;6.759;8.767;8.138;7.980;7.750;7.345;7.529;7.794;7.687;7.302;7.762;7.996;8.124;8.742;9.178;9.774;10.213;11.473;11.570;10.801;6.198;6.748;8.483;7.923;8.305;7.889;6.548;5.324;5.286;5.210;4.922;4.065;3.447;2.926;2.554;2.177;1.718;1.415;1.075;776;608;425;286;172;99;57;88
Male;Wakayama-ken;435.051;2.900;2.920;3.137;3.343;3.398;3.637;3.532;3.653;3.762;3.792;3.907;3.944;4.114;3.965;4.006;4.162;4.311;4.525;4.112;3.767;3.714;3.628;3.746;3.625;3.629;3.777;3.709;3.743;3.954;3.848;3.899;4.044;4.275;4.467;4.561;4.466;4.726;4.766;4.821;4.649;4.924;5.018;5.564;5.624;6.117;6.339;6.841;6.893;6.810;6.684;6.466;6.151;6.093;6.028;4.604;6.173;5.721;5.757;5.793;5.399;5.723;5.964;5.759;5.613;5.998;6.098;5.956;6.293;6.610;7.069;7.366;8.366;8.249;7.551;4.169;4.509;5.769;5.328;5.550;5.183;4.341;3.637;3.643;3.686;3.369;2.882;2.557;2.406;2.047;1.659;1.419;1.232;967;692;506;337;227;160;97;51;80
Male;Tottori-ken;264.432;1.942;2.057;2.176;2.185;2.386;2.350;2.279;2.446;2.334;2.478;2.406;2.448;2.589;2.457;2.649;2.535;2.775;2.806;2.574;2.501;2.525;2.511;2.367;2.391;2.231;2.210;2.237;2.180;2.419;2.297;2.462;2.613;2.623;2.711;2.858;2.985;3.216;3.282;3.224;3.183;3.490;3.467;3.512;3.681;3.775;3.949;4.038;3.988;3.919;3.684;3.413;3.408;3.279;3.390;2.629;3.397;3.260;3.275;3.246;3.260;3.396;3.736;3.518;3.736;3.794;3.929;4.032;4.146;4.235;4.340;4.324;4.907;4.858;4.246;2.239;2.596;2.962;2.722;2.607;2.674;2.155;1.872;1.994;1.987;1.995;1.593;1.537;1.420;1.235;1.010;869;767;542;467;346;248;177;95;64;47;57
Male;Shimane-ken;324.291;2.273;2.426;2.498;2.636;2.804;2.986;2.845;2.796;3.011;2.915;2.950;2.932;3.020;3.060;2.962;3.163;3.427;3.624;3.089;2.863;2.835;2.842;2.663;2.702;2.797;2.747;2.898;2.815;2.849;2.883;2.927;3.032;3.111;3.343;3.433;3.389;3.643;3.659;3.676;3.867;3.907;4.097;4.292;4.463;4.516;4.756;4.841;4.827;4.540;4.332;4.187;4.171;3.974;4.122;3.185;3.856;3.952;3.854;4.004;4.123;4.167;4.550;4.335;4.401;4.600;4.638;4.812;4.915;5.156;5.656;5.857;6.131;6.276;5.904;2.935;3.300;3.715;3.552;3.560;3.123;2.738;2.442;2.698;2.815;2.631;2.396;2.165;2.007;1.819;1.504;1.184;1.053;816;552;475;355;228;151;105;71;113
Male;Okayama-ken;908.045;6.756;6.858;7.231;7.379;7.733;7.911;8.069;8.129;8.293;8.450;8.442;8.513;8.760;8.812;8.702;8.842;9.313;9.232;9.578;9.856;10.055;10.132;10.230;9.838;9.561;9.601;9.507;9.127;9.136;8.971;9.270;9.266;9.699;9.881;9.940;10.347;10.650;10.625;10.520;10.668;11.156;11.449;11.788;12.471;13.340;13.837;14.550;14.648;14.402;13.874;12.937;12.378;11.772;11.662;9.195;11.493;10.941;10.467;10.627;10.034;10.548;11.192;10.815;10.657;11.421;11.325;10.932;11.997;12.221;13.505;13.444;15.698;15.666;14.534;9.143;9.453;10.708;10.130;10.178;9.929;7.748;6.484;6.825;6.876;6.399;5.510;4.753;4.653;4.125;3.398;2.628;2.265;1.761;1.325;1.015;674;439;306;165;124;172
Male;Hiroshima-ken;1.357.156;9.988;10.343;10.887;11.214;11.586;11.999;12.162;12.439;12.526;13.179;12.852;12.955;13.006;12.985;12.882;12.769;13.038;13.431;13.759;14.307;13.987;14.240;14.328;14.103;13.795;14.100;14.060;14.113;13.968;14.134;14.375;14.878;14.931;15.387;15.592;15.829;16.144;16.363;16.396;16.640;17.329;17.522;18.351;18.771;20.339;21.272;22.714;23.208;22.040;21.215;20.545;19.734;18.917;18.913;14.282;17.957;16.467;16.173;15.995;15.617;15.745;16.214;15.882;15.135;16.116;16.452;16.518;17.509;17.891;19.742;20.510;22.980;22.004;22.172;13.142;14.086;15.670;14.583;14.775;13.972;11.404;9.354;9.665;9.613;8.920;7.700;6.481;5.866;4.989;4.347;3.408;3.018;2.323;1.710;1.339;987;681;417;306;187;312
Male;Yamaguchi-ken;636.736;4.113;4.376;4.588;4.665;5.037;5.346;5.267;5.447;5.398;5.683;5.626;5.906;5.721;5.870;5.790;5.910;6.142;6.159;6.257;6.229;6.238;5.996;5.993;5.728;5.602;5.647;5.650;5.557;5.563;5.692;5.791;5.918;6.147;6.385;6.399;6.742;6.860;7.057;7.141;7.227;7.541;7.674;8.087;8.496;9.192;9.329;10.124;10.123;10.081;9.323;8.738;8.513;8.309;8.318;6.119;7.993;7.611;7.600;7.423;7.449;7.753;8.182;8.275;7.892;8.789;8.780;9.079;9.683;10.404;10.876;11.680;12.748;11.583;11.592;7.065;6.976;8.142;7.882;7.783;7.688;6.253;5.149;5.389;5.399;4.983;4.311;3.934;3.464;3.165;2.618;2.006;1.715;1.366;974;751;492;350;236;151;102;170
Male;Tokushima-ken;343.265;2.208;2.172;2.432;2.448;2.619;2.746;2.658;2.752;2.843;2.868;2.792;2.899;2.918;2.954;2.953;3.097;3.150;3.244;3.147;3.189;3.321;3.366;3.202;3.100;3.056;2.995;2.879;2.948;2.945;2.926;3.060;3.222;3.317;3.385;3.579;3.582;3.841;3.957;4.086;4.042;4.266;4.305;4.432;4.576;4.827;4.978;5.119;5.003;4.984;4.910;4.663;4.499;4.345;4.720;3.439;4.562;4.391;4.236;4.276;4.152;4.425;4.891;4.732;4.590;5.174;5.355;5.171;5.559;5.735;6.161;6.421;6.908;7.218;6.313;3.167;3.586;4.084;3.891;4.010;3.734;3.176;2.835;2.786;2.928;2.579;2.362;2.171;1.966;1.752;1.401;1.160;950;713;582;398;281;185;120;91;45;78
Male;Kagawa-ken;459.197;3.051;3.307;3.386;3.704;3.766;3.930;3.873;4.123;4.132;4.164;4.206;4.321;4.288;4.312;4.160;4.467;4.755;4.701;4.625;4.172;4.105;4.085;4.232;4.143;4.131;4.184;4.256;4.147;4.433;4.395;4.419;4.548;4.680;4.978;5.164;5.186;5.314;5.286;5.472;5.396;5.928;5.913;6.265;6.536;6.936;7.180;7.613;7.613;7.273;6.866;6.668;6.461;6.198;6.152;4.460;6.013;5.591;5.353;5.415;5.231;5.566;5.904;5.773;5.547;6.021;6.028;5.892;6.579;6.672;7.065;7.426;8.880;8.730;8.378;4.455;4.605;5.337;4.827;5.152;4.869;4.159;3.303;3.496;3.465;3.396;2.955;2.480;2.545;2.118;1.769;1.443;1.281;977;705;609;373;256;171;144;81;103
Male;Ehime-ken;633.062;4.058;4.253;4.585;4.813;4.820;5.192;5.395;5.526;5.489;5.809;5.769;5.685;6.005;5.907;5.847;5.963;6.357;6.493;5.909;5.583;5.512;5.571;5.733;5.518;5.365;5.658;5.561;5.464;5.688;5.705;5.839;6.177;6.214;6.485;6.453;6.910;7.076;7.176;7.210;7.426;7.760;7.950;8.341;8.676;9.029;9.651;10.040;10.101;9.784;9.065;8.784;8.563;8.641;8.309;6.406;8.532;8.227;7.921;7.819;8.033;8.120;8.528;8.475;8.327;8.734;8.779;8.587;9.689;10.168;10.670;11.265;12.116;11.789;10.920;6.469;6.842;7.715;6.657;6.953;7.009;5.926;5.056;5.046;5.146;4.643;4.127;3.696;3.426;3.042;2.587;2.122;1.754;1.379;1.053;796;546;409;262;141;97;165
Male;Kochi-ken;326.531;1.973;2.155;2.305;2.371;2.405;2.541;2.510;2.640;2.614;2.634;2.771;2.795;2.864;2.915;2.896;2.915;3.114;3.301;3.207;2.979;2.979;2.939;2.815;2.736;2.662;2.707;2.588;2.738;2.634;2.605;2.620;2.818;2.946;3.015;3.177;3.431;3.533;3.601;3.598;3.761;3.797;4.177;4.330;4.524;4.792;4.816;5.144;5.118;5.050;4.672;4.523;4.333;4.155;4.117;3.114;4.324;4.139;4.290;4.133;4.217;4.253;4.665;4.253;4.389;4.637;4.704;4.688;4.949;5.359;5.618;6.016;6.570;6.376;6.318;3.587;3.649;4.342;3.744;3.984;3.765;3.298;2.807;2.784;2.646;2.589;2.475;2.096;2.069;1.699;1.475;1.191;1.056;845;624;479;325;244;148;101;59;82
Male;Fukuoka-ken;2.430.951;19.497;20.256;21.249;21.553;22.807;23.059;23.231;23.496;23.398;24.372;23.950;23.738;23.975;23.582;22.964;22.621;23.326;23.293;25.617;28.051;28.265;27.367;28.173;28.045;27.397;26.490;26.211;25.249;25.521;25.280;25.708;26.257;26.929;28.058;29.225;29.875;31.247;31.195;31.523;31.591;32.972;33.465;34.284;34.996;35.681;37.014;38.896;38.680;37.621;35.935;34.544;33.513;32.439;32.204;25.253;30.304;28.767;28.488;28.156;28.199;28.771;29.950;29.386;28.311;29.891;30.852;30.992;33.123;33.714;36.408;36.892;40.497;37.361;34.446;20.840;20.904;24.958;22.439;23.044;22.613;19.468;16.081;15.347;15.363;13.878;12.429;10.610;9.681;8.548;6.926;5.477;4.489;3.660;2.693;1.992;1.340;967;565;383;238;372
Male;Saga-ken;384.451;3.095;3.184;3.382;3.423;3.598;3.752;3.708;3.723;3.880;4.015;3.927;3.847;4.194;4.165;4.158;4.119;4.347;4.367;3.906;3.587;3.533;3.642;3.557;3.565;3.435;3.415;3.522;3.511;3.535;3.553;3.543;3.570;3.733;4.164;4.260;4.444;4.640;4.513;4.576;4.677;5.011;4.977;4.982;5.199;5.285;5.433;5.517;5.395;5.212;5.108;4.937;4.755;4.843;4.846;4.035;4.734;4.655;4.847;4.972;4.933;5.106;5.324;5.299;5.069;5.422;5.750;5.780;6.054;6.152;6.430;6.384;6.756;6.268;5.740;3.357;3.399;3.923;3.549;3.724;3.561;3.301;2.746;2.673;2.855;2.501;2.352;2.068;1.818;1.621;1.403;1.175;944;724;547;403;294;183;139;83;49;84
Male;Nagasaki-ken;616.912;4.514;4.847;5.143;5.216;5.557;5.597;5.697;5.719;5.918;5.927;6.057;5.997;6.102;5.979;6.219;6.104;6.462;6.629;5.821;5.081;5.231;5.112;5.110;4.989;4.888;4.990;5.068;5.104;5.358;5.332;5.521;5.767;5.795;6.259;6.469;6.541;6.808;6.877;7.003;6.987;7.114;7.519;7.672;7.683;8.183;8.500;8.717;8.703;8.666;8.274;8.039;8.360;7.904;7.948;6.560;8.127;7.908;8.176;8.010;8.390;8.787;9.064;8.987;8.583;9.466;9.707;9.849;10.247;10.753;11.013;11.091;11.759;10.707;9.899;5.870;5.857;6.739;6.039;6.462;6.215;5.676;4.988;4.998;4.948;4.700;4.307;3.620;3.277;2.905;2.402;1.967;1.553;1.209;962;675;504;340;198;140;98;103
Male;Kumamoto-ken;822.481;6.401;6.837;7.144;7.312;7.657;7.789;7.920;8.179;8.316;8.299;8.335;8.178;8.451;8.266;8.094;8.239;8.840;8.599;8.153;7.508;7.556;7.377;7.477;7.415;7.266;7.274;7.233;7.457;7.520;7.472;7.669;8.035;8.437;8.701;9.068;9.458;9.768;9.739;9.918;9.963;10.414;10.468;10.689;10.904;11.180;11.259;11.768;11.325;11.267;10.568;10.173;10.161;10.080;10.513;8.467;10.521;10.105;10.164;10.346;10.440;10.924;11.427;11.138;11.140;12.075;12.144;12.183;12.692;13.205;13.423;13.717;14.356;13.504;12.671;7.396;7.598;8.813;8.053;7.961;7.971;7.052;6.376;6.330;6.669;6.036;5.554;4.897;4.484;3.931;3.350;2.743;2.308;1.805;1.384;1.010;684;492;296;211;141;205
Male;Oita-ken;533.414;3.781;3.883;4.052;4.313;4.560;4.523;4.643;4.854;4.864;4.919;4.970;4.999;5.170;5.112;5.021;5.007;5.376;5.268;5.210;5.078;5.193;4.868;4.847;4.683;4.652;4.765;4.921;4.661;4.625;4.739;4.978;5.064;5.319;5.542;5.726;5.901;6.109;6.284;6.219;6.276;6.674;6.942;7.072;7.430;7.672;7.643;7.817;7.925;7.712;7.299;6.851;6.928;6.673;6.959;5.013;6.670;6.320;6.416;6.298;6.462;6.726;7.322;7.007;7.009;7.614;7.698;7.748;8.332;8.487;8.986;9.270;10.189;9.748;8.908;5.114;5.520;6.384;5.943;5.842;5.826;4.961;4.315;4.291;4.413;3.879;3.673;3.184;3.011;2.621;2.216;1.872;1.496;1.201;890;643;479;314;193;130;87;121
Male;Miyazaki-ken;504.763;3.853;4.083;4.263;4.420;4.445;4.687;4.924;4.898;4.994;5.109;5.253;5.188;5.197;5.267;5.068;5.042;5.507;5.411;4.729;4.040;4.047;4.102;4.048;4.140;4.171;4.168;4.250;4.171;4.373;4.254;4.437;4.606;4.757;5.048;5.231;5.541;5.575;5.786;5.969;5.946;6.358;6.426;6.528;6.848;7.020;7.026;7.316;7.328;6.808;6.410;6.410;6.194;6.111;6.335;4.875;6.165;6.334;6.384;6.342;6.530;6.757;7.180;6.993;7.151;7.696;7.641;7.785;8.105;8.658;8.555;8.611;9.182;9.304;8.009;4.697;4.841;5.521;5.205;5.252;5.345;4.436;4.033;4.098;4.284;3.760;3.596;3.111;2.870;2.466;2.117;1.707;1.435;1.043;845;584;423;263;152;109;74;123
Male;Kagoshima-ken;748.306;5.650;5.921;6.439;6.599;6.856;7.206;7.111;7.387;7.471;7.711;7.642;7.672;7.730;7.668;7.750;7.622;7.801;7.925;6.917;6.010;6.164;5.793;5.878;6.208;5.868;5.950;5.853;6.049;6.167;6.116;6.435;6.767;7.093;7.674;7.496;8.121;8.554;8.571;8.780;8.804;8.990;8.991;9.387;9.560;9.640;9.719;10.254;10.036;9.596;9.246;8.946;9.008;9.092;9.570;7.859;9.498;9.472;9.747;9.604;10.308;10.538;11.159;11.255;11.531;12.113;12.296;12.653;12.375;13.467;13.232;13.073;13.704;13.389;10.973;6.818;6.913;8.043;7.450;7.713;7.567;6.547;6.130;6.295;6.116;5.481;5.347;4.656;4.285;3.758;3.029;2.669;2.053;1.627;1.278;913;634;473;302;200;103;196
Male;Okinawa-ken;722.812;7.502;7.696;7.975;7.924;8.688;8.527;8.340;8.505;8.574;8.519;8.516;8.520;8.507;8.351;8.240;8.182;8.296;8.301;7.998;7.537;7.414;7.568;7.515;7.588;7.566;7.661;7.676;7.641;7.897;7.911;7.878;8.259;8.649;8.963;9.061;9.531;9.497;9.485;9.327;9.333;9.730;9.552;9.803;10.431;10.419;10.976;11.473;11.340;10.755;10.096;9.955;9.967;9.780;9.523;7.820;8.843;8.959;9.013;8.897;9.246;8.897;9.380;9.473;8.873;9.445;9.352;9.776;9.792;9.679;9.930;9.832;8.734;8.668;7.087;3.285;3.847;4.906;4.990;5.103;5.044;4.584;4.361;4.304;3.827;3.720;3.364;2.981;2.499;2.121;1.611;1.573;1.134;924;580;419;262;224;174;135;79;147
Female;Hokkaido;2.759.526;14.422;15.165;16.054;16.394;17.437;17.791;18.209;18.484;18.975;19.361;19.642;19.469;19.971;20.386;19.869;20.380;21.782;21.856;22.353;22.226;22.047;22.226;22.419;22.436;22.200;22.541;22.599;22.285;23.349;23.116;23.315;23.985;25.212;25.925;26.617;27.922;29.027;29.569;29.661;30.141;31.909;32.767;34.761;35.071;37.075;38.702;40.529;40.679;39.763;38.663;37.472;37.450;37.154;38.121;30.481;37.253;35.892;35.704;35.105;35.151;34.984;35.655;34.512;34.699;36.309;37.822;39.622;42.588;45.068;46.935;50.350;52.908;49.727;44.568;34.744;32.346;36.665;37.330;37.147;35.772;32.665;29.294;31.634;29.781;28.025;27.273;24.755;23.468;20.893;19.012;17.288;14.636;13.119;10.033;8.122;6.582;4.935;3.671;2.847;1.833;3.389
Female;Aomori-ken;654.582;3.259;3.478;3.706;3.907;4.190;4.033;4.230;4.214;4.322;4.578;4.680;4.525;4.805;4.787;5.062;5.008;5.366;5.480;4.957;4.781;4.629;4.685;4.454;4.169;3.896;4.422;4.471;4.482;4.639;4.744;4.575;5.097;5.224;5.696;5.971;6.251;6.505;6.513;6.669;6.800;7.132;7.472;7.466;7.789;8.308;8.475;8.721;8.942;8.686;8.663;8.690;8.641;8.907;8.828;7.261;8.873;8.742;8.531;8.835;9.064;9.205;9.676;9.513;9.231;9.775;10.342;10.179;10.867;10.897;11.497;12.578;12.630;11.612;11.463;7.331;7.466;9.017;9.060;9.296;8.756;8.037;6.943;8.542;8.332;7.779;7.490;6.995;6.498;5.902;5.279;4.452;3.669;3.499;2.513;1.930;1.558;1.168;761;532;395;631
Female;Iwate-ken;627.582;3.258;3.461;3.685;3.916;4.016;4.323;4.277;4.411;4.427;4.672;4.803;4.717;4.847;4.948;5.055;5.164;5.344;5.363;5.266;4.652;4.460;4.616;4.236;4.267;4.005;4.558;4.460;4.533;4.812;4.777;5.077;5.074;5.214;5.380;5.702;5.981;6.343;6.452;6.518;6.675;6.848;7.050;7.508;7.556;7.975;8.251;8.210;8.197;8.097;7.526;7.839;7.966;8.102;8.085;6.459;8.093;7.886;7.922;8.073;8.051;8.447;8.746;8.707;8.466;8.982;9.406;9.411;9.843;10.364;10.377;11.006;11.401;10.816;9.780;6.563;6.840;8.523;8.528;8.717;8.310;8.117;7.216;8.006;7.858;7.700;7.619;6.738;6.486;6.036;5.425;4.782;4.064;3.527;2.898;2.313;1.878;1.305;953;703;469;817
Female;Miyagi-ken;1.179.398;6.959;7.348;7.839;7.987;8.473;8.714;8.609;9.290;9.128;9.116;9.500;9.237;9.878;9.421;9.516;9.527;10.028;10.334;11.410;12.464;12.103;11.677;11.565;11.456;11.519;11.325;11.071;10.838;11.440;11.175;11.669;11.734;12.204;12.943;12.835;13.480;13.980;14.437;14.530;14.595;14.990;15.400;15.732;15.980;16.388;16.881;17.427;17.322;16.612;16.425;15.712;15.185;15.171;15.455;12.122;14.754;14.243;14.357;14.170;14.390;14.534;14.906;14.812;14.876;15.450;15.935;15.680;16.724;17.725;18.084;19.031;19.164;18.768;16.530;9.963;11.058;13.578;13.248;12.971;12.183;11.973;10.457;11.382;11.264;10.927;10.388;9.538;9.010;8.325;7.599;6.583;6.058;4.843;4.032;3.252;2.578;1.746;1.335;995;683;1.140
Female;Akita-ken;507.063;2.144;2.308;2.479;2.659;2.835;2.844;2.905;3.079;3.220;3.318;3.297;3.436;3.574;3.657;3.574;3.807;3.707;3.954;3.491;2.902;2.967;2.963;2.851;2.836;2.747;3.007;3.065;3.045;3.167;3.257;3.415;3.579;3.795;4.102;4.224;4.420;4.703;4.879;4.953;4.941;5.351;5.497;5.702;5.808;6.171;6.142;6.377;6.314;6.283;6.102;6.140;6.083;6.242;6.335;4.743;6.400;6.576;6.631;6.784;6.930;7.260;7.504;7.505;7.683;7.764;8.454;8.419;8.706;9.089;9.100;10.170;10.154;9.421;9.393;5.589;5.922;7.204;7.269;7.589;7.070;6.957;6.318;7.386;7.304;7.241;6.882;6.066;6.176;5.499;5.279;4.692;3.846;3.478;2.642;2.068;1.642;1.117;820;621;409;638
Female;Yamagata-ken;551.589;2.984;3.155;3.352;3.513;3.672;3.794;4.004;3.906;4.038;4.239;4.217;4.277;4.428;4.425;4.567;4.544;4.775;4.801;4.567;4.404;4.151;4.110;3.801;3.678;3.661;3.882;3.840;3.952;4.100;4.180;4.397;4.585;4.972;4.929;5.186;5.350;5.607;5.763;5.823;5.961;6.264;6.360;6.602;6.461;6.703;6.908;7.122;7.141;6.930;6.599;6.639;6.604;6.574;7.000;5.587;6.924;6.746;6.840;7.174;7.197;7.605;7.704;7.679;7.547;8.143;8.241;8.209;8.724;9.115;9.343;9.948;9.735;8.994;8.461;5.284;6.172;7.025;6.649;6.904;6.828;6.718;6.110;6.718;6.661;6.691;6.418;5.993;5.847;5.405;5.159;4.677;3.983;3.648;2.915;2.353;1.775;1.341;969;697;474;762
Female;Fukushima-ken;929.288;5.302;5.757;6.045;6.298;6.638;6.838;6.966;6.770;6.577;6.888;7.020;7.245;7.444;7.630;7.749;7.784;8.364;8.403;7.954;6.982;6.851;6.850;6.906;6.699;6.918;7.238;7.396;7.447;7.727;7.654;7.829;8.217;8.827;8.948;8.994;9.504;9.716;9.798;10.021;9.976;10.525;10.628;11.182;11.395;11.645;12.099;12.425;12.391;12.047;11.787;11.520;11.558;11.724;11.886;9.800;11.997;11.648;11.974;12.058;12.569;12.904;13.298;13.058;13.159;13.656;14.239;13.998;14.610;15.608;15.602;16.362;16.025;15.992;13.842;7.963;9.326;12.031;11.282;11.431;10.836;10.744;9.178;10.363;10.261;10.053;9.657;9.089;8.788;8.274;7.309;6.571;5.829;4.959;4.111;3.413;2.593;1.835;1.300;963;616;1.132
Female;Ibaraki-ken;1.436.033;8.608;8.798;9.487;9.950;10.361;10.747;10.687;11.167;11.409;11.423;11.703;11.984;12.148;12.277;12.246;12.134;13.029;12.969;13.073;13.242;13.101;12.976;12.641;12.184;12.030;12.112;12.061;12.051;12.270;12.237;12.622;13.227;13.800;14.312;14.467;15.331;15.765;16.137;16.321;16.388;17.245;17.340;18.319;18.692;19.506;20.386;21.424;21.918;21.589;20.952;20.024;19.675;19.436;19.363;15.019;18.731;17.849;17.402;17.164;17.052;17.457;18.191;17.464;18.070;19.292;19.843;19.941;21.023;22.690;23.588;24.302;25.105;25.640;23.850;15.138;15.670;19.240;18.635;17.741;17.095;15.663;12.828;13.605;13.008;12.541;11.711;10.517;10.065;9.567;8.707;7.711;6.791;5.752;4.785;3.906;2.975;2.315;1.632;1.199;811;1.408
Female;Tochigi-ken;968.216;5.626;6.143;6.318;6.838;7.055;7.416;7.406;7.537;7.555;7.798;7.928;8.126;8.217;8.210;8.448;8.503;8.694;8.717;8.804;8.609;8.134;8.241;7.978;8.058;8.108;8.070;8.104;8.196;8.461;8.539;8.876;9.242;9.566;10.132;9.934;10.796;10.794;11.059;11.246;11.112;12.043;12.238;12.625;12.929;13.329;14.002;14.643;14.872;14.518;13.748;13.454;13.196;12.997;13.074;10.341;12.661;11.828;11.797;11.448;11.532;12.008;12.704;12.238;12.358;13.033;13.588;13.743;14.342;14.957;15.698;16.595;17.008;16.597;15.593;9.877;10.082;11.981;11.721;11.447;10.830;10.115;8.224;8.776;8.683;8.485;8.077;7.329;6.893;6.470;5.839;5.433;4.653;3.976;3.243;2.646;2.178;1.508;1.066;857;556;940
Female;Gumma-ken;979.699;5.830;6.098;6.383;6.691;6.823;7.235;7.209;7.472;7.497;7.977;7.820;8.236;8.217;8.540;8.487;8.512;8.983;8.932;9.193;9.093;8.947;8.847;8.620;8.120;8.164;8.338;8.214;8.308;8.340;8.291;8.278;8.799;8.988;9.303;9.425;9.851;10.236;10.566;10.433;10.856;11.231;11.897;12.257;12.690;13.638;13.986;15.055;15.157;15.105;14.361;13.933;13.768;13.354;13.654;10.176;12.972;12.205;11.711;11.467;11.433;11.314;11.832;11.554;11.659;12.444;13.000;12.818;13.552;14.751;15.549;16.406;17.375;16.922;16.749;11.106;10.833;13.120;12.753;12.889;11.767;11.113;8.969;9.613;9.294;9.135;8.476;8.145;7.319;7.033;6.469;5.791;5.064;4.244;3.543;3.015;2.259;1.659;1.270;900;604;1.189
Female;Saitama-ken;3.692.596;23.818;24.635;25.950;26.953;27.753;28.394;28.444;29.310;28.822;29.720;30.014;30.312;30.855;30.733;30.495;30.414;31.423;31.447;33.619;35.655;36.971;37.300;38.100;38.948;38.280;38.587;38.494;37.085;36.924;36.769;37.083;37.786;38.549;39.299;39.965;41.230;42.615;44.021;44.290;44.205;45.839;47.513;49.213;50.361;53.122;55.459;59.907;61.652;60.765;58.855;56.621;55.803;53.723;53.646;41.551;50.402;46.244;44.223;41.867;40.548;40.631;40.971;39.705;39.023;40.603;42.908;42.477;45.984;49.279;52.198;57.324;61.807;61.931;60.947;38.536;40.454;50.553;48.224;47.659;44.399;39.581;32.838;32.991;31.530;30.152;26.904;23.148;21.499;18.928;16.849;14.376;12.010;10.450;8.174;6.735;5.233;3.858;2.897;2.107;1.484;2.658
Female;Chiba-ken;3.166.493;19.922;20.767;22.011;22.431;23.304;23.912;23.646;24.340;24.211;25.153;25.301;25.700;26.169;26.053;25.954;25.869;26.823;26.824;28.790;29.865;31.074;31.307;32.750;33.163;32.498;32.846;32.193;31.036;31.421;30.892;31.581;31.978;32.949;33.653;34.010;35.615;36.895;37.240;37.749;37.326;39.081;40.709;41.818;42.625;44.981;46.826;50.411;51.725;51.401;50.113;48.577;47.578;45.463;44.867;34.870;42.519;39.124;37.556;35.808;35.085;34.997;35.094;34.203;33.632;35.814;37.381;37.095;40.294;42.725;45.266;48.905;53.800;53.570;52.874;33.612;35.428;43.318;41.468;40.765;38.247;33.801;28.209;28.739;28.207;26.959;24.323;21.033;19.772;17.566;15.937;13.737;11.725;10.005;7.829;6.584;5.047;3.650;2.655;1.915;1.424;2.530
Female;Tokyo-to;7.149.206;48.434;49.912;51.218;52.059;53.305;53.849;52.358;52.638;50.409;50.894;51.198;50.682;50.763;49.686;48.359;48.264;49.831;49.512;57.042;66.515;73.291;76.730;86.789;94.777;99.199;101.541;100.547;96.407;96.505;94.080;94.342;93.618;94.766;95.581;95.339;97.664;99.464;99.827;98.748;98.010;101.363;102.620;104.657;105.357;108.246;111.509;117.532;121.326;118.554;117.028;113.089;111.279;106.871;105.809;84.694;98.740;91.394;86.227;80.334;76.412;75.026;72.334;68.839;65.749;66.383;66.853;66.196;68.712;73.058;76.478;84.422;92.983;94.922;92.484;58.622;62.802;76.923;75.585;76.291;73.020;66.807;56.460;59.159;58.873;59.058;54.165;47.587;45.105;40.580;35.630;31.220;26.707;23.001;17.463;14.163;11.122;7.943;5.977;4.370;3.145;5.795
Female;Kanagawa-ken;4.649.069;29.889;31.248;32.442;33.205;34.875;35.704;35.200;35.879;36.078;36.909;37.531;37.484;38.044;37.635;37.429;37.278;38.398;38.937;42.112;45.391;47.930;49.166;50.739;50.991;50.553;50.958;50.238;47.759;47.586;47.290;47.712;48.094;49.344;49.841;50.415;53.473;54.992;56.107;55.922;57.153;59.751;60.793;63.648;65.399;68.182;71.383;76.016;79.549;78.726;77.941;75.648;74.375;71.623;71.673;56.333;66.246;60.722;57.752;54.676;52.138;51.508;49.913;48.491;46.153;47.541;48.831;48.713;51.737;55.694;58.891;65.160;71.175;72.138;69.083;44.244;47.529;58.413;56.549;56.723;53.506;48.121;40.142;41.029;40.255;39.246;35.893;31.508;29.728;26.572;23.776;20.623;17.596;15.264;11.461;9.374;7.509;5.380;3.979;3.065;2.163;3.888
Female;Niigata-ken;1.132.602;6.244;6.708;6.997;7.170;7.609;7.900;8.078;8.369;8.368;8.696;8.815;8.734;8.915;9.033;9.157;9.072;9.536;9.625;9.624;9.228;9.081;8.767;8.554;8.264;8.203;8.393;8.798;8.587;8.964;9.005;9.215;9.858;9.966;10.555;10.946;11.133;11.720;11.658;12.287;12.164;13.092;13.221;13.739;14.361;15.013;15.471;15.885;15.994;15.112;14.866;14.217;14.503;14.599;15.116;11.655;14.740;13.936;13.770;13.310;13.717;14.260;14.557;14.523;14.593;15.173;16.543;16.129;16.949;18.005;18.958;20.347;20.906;19.740;19.046;11.220;12.144;14.741;14.249;14.887;14.023;13.323;11.747;12.873;12.887;13.300;11.732;10.907;11.097;10.090;9.416;8.057;7.440;6.555;5.274;4.335;3.442;2.573;1.947;1.457;1.024;1.820
Female;Toyama-ken;532.177;3.040;3.155;3.342;3.426;3.629;3.665;3.671;3.818;3.860;3.811;4.056;4.131;4.310;4.243;4.272;4.300;4.643;4.623;4.485;4.017;4.070;4.174;4.170;4.101;4.235;4.444;4.197;4.136;4.065;4.047;4.296;4.358;4.461;4.656;4.904;5.098;5.177;5.199;5.406;5.543;5.727;6.173;6.354;6.756;7.135;7.763;8.177;8.278;8.089;7.767;7.314;7.147;7.138;6.952;5.373;6.792;6.348;6.477;5.985;6.269;6.272;6.425;6.347;6.187;6.434;7.182;6.890;7.456;7.706;8.134;9.464;10.201;10.397;11.174;5.643;6.142;7.952;7.253;7.840;7.027;6.269;5.316;5.485;5.762;6.310;5.172;5.113;5.247;4.577;4.227;3.601;3.418;2.838;2.287;1.865;1.533;1.149;790;646;420;778
Female;Ishikawa-ken;582.755;3.690;3.768;3.998;4.160;4.277;4.489;4.411;4.508;4.722;4.528;4.689;4.804;5.158;5.002;4.896;4.981;5.135;5.252;5.495;5.680;5.808;5.479;5.471;5.157;5.102;5.094;5.178;4.833;4.992;5.171;5.180;5.279;5.377;5.549;5.647;5.789;6.066;6.156;6.168;6.333;6.556;6.994;7.314;7.453;8.020;8.427;8.999;9.216;8.805;8.345;8.217;7.644;7.721;7.801;5.887;7.429;6.962;7.013;6.722;6.701;6.821;6.936;7.172;6.592;6.941;7.328;7.330;7.550;7.970;8.362;9.389;11.056;11.050;10.910;5.710;6.038;7.699;7.597;7.707;6.975;5.980;5.105;5.522;5.480;5.884;4.976;4.804;4.888;4.316;4.265;3.435;3.275;2.819;2.159;1.866;1.538;1.043;759;557;444;809
Female;Fukui-ken;392.890;2.593;2.607;2.765;2.853;2.894;3.021;2.996;3.175;3.168;3.278;3.330;3.425;3.514;3.449;3.480;3.477;3.609;3.697;3.327;2.963;3.123;3.152;3.112;3.082;3.188;3.257;3.359;3.197;3.270;3.263;3.496;3.672;3.677;3.817;3.825;4.049;4.150;4.213;4.126;4.192;4.588;4.431;4.722;4.888;5.135;5.311;5.571;5.731;5.665;5.269;5.107;5.025;5.132;5.247;3.807;5.087;4.978;4.946;4.645;4.859;4.885;5.282;4.950;4.582;5.032;5.296;4.988;5.410;5.784;5.967;6.607;7.156;7.205;6.294;3.287;3.942;5.007;5.044;5.166;4.641;4.214;3.465;3.931;4.144;4.404;3.763;3.638;3.422;3.380;2.991;2.509;2.502;2.065;1.703;1.381;1.162;812;591;436;310;557
Female;Yamanashi-ken;412.665;2.495;2.532;2.731;2.818;2.857;2.951;2.973;3.101;3.115;3.106;3.218;3.253;3.378;3.422;3.447;3.478;3.656;3.701;4.072;4.221;4.111;3.880;3.455;3.308;3.325;3.323;3.266;3.320;3.302;3.330;3.451;3.465;3.670;3.777;3.635;3.990;4.099;4.170;4.182;4.303;4.482;4.638;4.869;5.058;5.308;5.455;5.794;6.072;5.835;5.826;5.792;5.830;5.829;5.814;4.806;5.588;5.581;5.394;5.151;5.278;5.148;5.308;5.265;5.278;5.598;5.530;5.669;5.775;6.027;6.326;6.806;7.332;7.088;6.641;3.884;4.424;5.656;5.317;5.313;5.047;4.640;4.117;4.391;4.221;3.891;3.954;3.474;3.488;3.159;3.080;2.664;2.409;2.069;1.811;1.354;1.187;898;678;457;353;651
Female;Nagano-ken;1.047.622;6.333;6.706;6.932;7.108;7.407;7.831;7.880;8.150;8.231;8.442;8.610;8.753;9.090;9.057;9.160;9.173;9.527;9.632;9.001;8.043;7.879;7.829;7.829;7.671;7.919;8.092;8.182;7.956;8.274;8.327;8.763;8.903;9.085;9.296;9.714;9.993;10.504;10.844;10.705;10.933;11.856;12.346;13.104;13.305;14.308;14.573;15.658;15.260;15.149;14.660;14.369;14.322;14.158;14.226;11.136;13.673;12.972;12.870;12.551;12.616;12.727;13.121;12.827;12.330;13.301;13.607;13.429;13.797;14.744;16.228;17.196;18.721;18.244;16.867;10.683;12.425;14.692;13.699;13.985;13.002;12.425;10.605;11.088;11.245;10.943;10.140;9.803;9.576;9.087;8.279;7.608;7.085;6.096;5.158;4.293;3.206;2.539;1.876;1.377;984;1.708
Female;Gifu-ken;1.018.306;5.997;6.427;6.843;7.019;7.432;7.656;7.739;8.095;8.424;8.525;8.470;8.695;8.943;8.852;9.149;9.084;9.368;9.676;9.448;9.363;9.615;9.459;9.190;8.532;8.619;8.633;8.342;8.250;8.310;8.317;8.661;8.794;9.336;9.422;9.527;10.270;10.504;10.560;10.829;10.968;11.460;11.776;12.403;12.654;13.710;14.157;15.166;15.572;14.965;14.861;14.266;14.063;13.846;13.942;10.282;13.880;12.853;12.706;12.181;12.421;12.383;12.579;12.341;12.090;12.627;13.005;13.218;13.986;14.720;15.446;17.046;18.625;18.891;16.479;10.145;11.645;13.833;13.313;13.420;12.565;12.118;9.773;10.332;10.285;9.913;9.272;8.617;7.887;7.280;6.474;5.865;5.072;4.272;3.595;2.907;2.192;1.718;1.259;860;645;1.106
Female;Shizuoka-ken;1.842.084;11.204;11.727;12.362;12.950;13.477;14.124;14.107;14.562;15.045;15.271;15.532;15.554;16.022;16.134;16.028;15.897;16.415;16.386;15.600;14.737;14.684;14.609;14.488;15.096;15.037;15.182;15.589;15.139;15.533;15.560;16.534;16.640;17.621;18.296;18.460;19.132;20.079;20.092;20.568;20.742;21.507;21.964;23.004;23.626;24.901;25.943;27.524;28.183;27.635;27.083;26.089;25.881;25.292;25.641;19.238;24.970;23.004;22.316;22.044;21.928;22.318;22.849;22.605;21.867;22.753;23.551;23.601;25.395;26.670;28.022;30.286;32.610;33.191;29.624;18.694;21.276;25.546;24.082;24.068;23.157;21.797;17.715;18.636;18.521;17.559;16.769;15.385;14.192;13.292;11.960;10.480;8.922;8.154;6.435;5.428;4.213;3.121;2.388;1.617;1.219;2.128
Female;Aichi-ken;3.780.913;27.307;28.311;30.021;30.453;31.184;32.014;31.341;32.612;32.908;33.264;33.562;33.591;34.108;33.426;33.552;33.219;34.404;34.316;35.486;37.583;39.188;39.831;40.494;40.145;40.379;40.923;40.326;39.854;39.395;39.169;39.593;40.484;41.145;42.326;42.484;43.888;45.210;45.213;45.375;45.583;46.867;48.548;50.158;51.929;54.095;57.252;60.347;61.957;61.034;59.761;56.870;55.611;54.233;52.506;40.396;50.927;46.708;45.557;43.114;41.609;41.227;41.159;39.411;37.668;38.860;40.316;40.019;43.382;45.547;48.323;52.907;60.019;60.999;55.075;35.629;39.438;46.668;44.053;44.746;42.865;38.980;32.063;32.316;32.275;30.657;27.829;25.656;23.219;20.823;18.619;15.668;13.552;11.746;8.893;7.511;5.730;4.121;3.190;2.193;1.578;2.837
Female;Mie-ken;905.779;5.490;5.736;6.093;6.197;6.616;6.858;6.702;7.161;7.209;7.460;7.448;7.679;7.856;7.756;7.876;7.766;8.313;8.195;8.108;7.871;8.023;7.936;8.032;7.807;7.578;7.747;7.772;7.542;7.717;7.759;8.187;8.316;8.500;8.535;8.852;9.108;9.538;9.676;9.610;9.801;10.276;10.409;11.089;11.595;12.183;12.942;13.608;13.994;13.674;13.028;12.760;12.619;12.682;12.244;9.376;12.479;11.612;11.592;11.281;10.948;10.800;11.332;11.004;10.672;11.174;11.423;11.388;12.431;12.803;13.430;14.536;16.063;16.592;14.583;8.773;9.998;12.812;11.727;11.497;11.275;10.641;8.504;8.996;9.095;9.220;8.283;7.677;7.299;6.577;6.005;5.265;4.516;3.881;3.112;2.574;1.999;1.506;1.151;798;575;975
Female;Shiga-ken;716.181;5.042;5.323;5.591;5.715;6.093;6.245;6.164;6.540;6.546;6.640;6.650;6.662;6.749;6.911;6.531;6.614;6.819;6.945;7.219;7.381;7.602;7.495;7.154;6.629;6.490;6.462;6.556;6.497;6.453;6.556;6.881;7.132;7.260;7.698;7.715;7.979;8.468;8.525;8.435;8.613;9.145;9.272;10.004;9.937;10.436;10.734;11.194;11.295;11.099;10.606;10.156;9.917;9.734;9.595;7.456;9.233;8.793;8.695;8.380;8.251;8.278;8.493;8.219;7.810;8.402;8.327;8.388;9.033;9.381;9.911;10.646;11.939;11.421;10.554;6.491;6.866;8.475;8.025;7.913;7.539;6.684;5.402;5.824;6.019;5.888;5.110;4.959;4.659;4.482;3.960;3.486;3.114;2.748;2.161;1.743;1.438;993;815;546;398;729
Female;Kyoto-fu;1.346.619;7.812;8.165;8.632;8.885;9.392;9.374;9.654;9.670;9.767;10.107;10.066;10.188;10.560;10.527;10.546;10.594;10.904;11.130;13.198;15.324;16.068;16.172;15.213;14.493;14.746;14.269;13.763;12.923;12.395;12.210;12.451;12.799;12.742;13.161;13.480;13.685;14.695;14.645;14.655;14.848;15.630;15.934;17.009;17.436;18.511;19.359;20.705;21.358;20.851;19.909;19.288;19.078;18.305;18.210;14.564;17.884;16.633;16.026;15.294;14.791;14.875;14.968;14.354;13.899;14.589;15.212;15.207;16.415;17.562;19.288;21.272;24.908;24.992;23.577;14.023;14.350;18.541;17.808;18.468;17.578;14.611;12.215;13.068;13.153;13.253;11.281;10.932;10.020;9.427;8.433;7.123;6.453;5.641;4.329;3.651;2.816;2.131;1.697;1.235;868;1.713
Female;Osaka-fu;4.601.729;29.621;30.504;31.004;31.625;32.713;33.404;33.260;33.809;34.198;35.227;35.180;35.585;35.937;36.433;35.931;35.837;37.719;38.140;41.864;45.650;47.630;48.810;49.904;50.153;50.576;50.263;49.989;48.287;48.197;47.528;48.291;47.707;48.793;49.264;49.409;50.308;52.019;52.714;52.494;52.125;55.272;56.489;59.368;60.980;65.063;68.413;73.643;76.414;75.837;74.037;72.605;70.048;68.200;66.346;51.602;63.561;58.331;55.976;53.088;49.590;48.738;48.736;47.184;44.580;46.804;48.135;49.001;52.821;56.813;62.377;66.901;77.917;78.385;75.172;45.660;50.588;63.151;59.641;63.221;61.163;52.113;43.947;44.352;44.482;43.079;38.063;33.323;31.023;28.160;24.334;20.280;18.197;15.110;11.243;9.226;6.858;5.217;4.059;2.944;2.104;3.662
Female;Hyogo-ken;2.865.246;17.969;18.489;19.245;20.233;20.886;21.494;21.503;22.249;22.396;23.045;23.135;23.414;24.012;23.439;23.484;23.487;24.378;24.571;25.930;26.603;27.277;27.636;27.537;26.110;25.814;25.407;25.155;24.914;24.993;25.137;25.891;26.049;27.149;27.983;28.472;29.717;31.007;31.732;31.582;32.079;33.560;34.219;36.370;37.742;39.609;42.073;44.726;45.978;45.119;44.217;43.184;42.495;40.989;40.317;31.877;39.557;36.843;36.044;35.132;33.306;33.717;34.911;33.520;31.497;33.425;34.298;34.539;37.207;38.409;41.702;44.130;50.804;50.486;47.658;28.709;32.114;38.659;36.208;37.952;36.654;30.621;26.278;27.739;27.840;27.904;24.790;22.283;21.775;20.035;18.029;14.907;13.461;11.425;8.745;7.580;5.663;4.224;3.208;2.525;1.652;3.003
Female;Nara-ken;700.547;3.836;4.165;4.287;4.519;4.839;4.939;4.938;5.264;5.293;5.399;5.432;5.444;5.840;5.776;5.869;5.898;6.069;6.265;6.442;6.956;6.845;6.924;6.487;5.867;5.791;5.839;5.610;5.529;5.445;5.643;5.687;5.950;6.183;6.366;6.478;6.751;7.077;7.151;7.178;7.437;7.753;7.808;8.495;8.781;9.094;9.636;10.463;10.874;10.687;10.436;10.202;10.059;10.019;9.920;7.800;9.870;9.017;8.924;8.539;8.256;8.376;8.891;8.483;8.124;8.804;9.000;9.130;9.657;10.503;11.009;11.829;13.572;13.375;13.042;7.362;8.095;10.226;9.908;10.127;9.585;8.142;6.751;6.861;6.953;6.790;6.051;5.448;5.223;4.951;4.341;3.700;3.389;2.945;2.296;1.937;1.457;1.126;852;660;455;780
Female;Wakayama-ken;487.533;2.756;2.800;2.975;3.063;3.264;3.490;3.407;3.537;3.658;3.665;3.666;3.833;3.883;3.690;3.901;3.875;3.957;4.211;3.844;3.454;3.590;3.505;3.602;3.498;3.567;3.610;3.637;3.557;3.620;3.774;3.828;4.034;4.307;4.390;4.418;4.553;4.814;4.889;4.773;5.008;5.148;5.191;5.544;5.584;6.094;6.527;6.900;7.175;6.950;6.829;6.738;6.748;6.639;6.710;5.218;7.059;6.577;6.408;6.307;6.163;6.266;6.476;6.246;5.948;6.472;6.473;6.564;7.026;7.180;7.857;8.419;9.597;9.355;8.837;5.073;5.755;7.332;6.894;7.230;6.898;5.839;5.140;5.483;5.720;5.465;5.084;4.748;4.784;4.196;3.698;3.244;2.862;2.554;2.079;1.745;1.276;993;778;526;362;647
Female;Tottori-ken;288.975;1.814;1.894;2.012;2.092;2.115;2.235;2.247;2.298;2.391;2.424;2.265;2.369;2.348;2.434;2.422;2.466;2.596;2.601;2.326;2.291;2.283;2.259;2.239;2.175;2.106;2.142;2.312;2.269;2.213;2.304;2.438;2.435;2.691;2.645;2.760;2.936;3.077;3.089;3.144;3.138;3.372;3.282;3.466;3.539;3.717;3.679;3.938;3.889;3.888;3.615;3.355;3.429;3.358;3.575;2.811;3.410;3.454;3.427;3.625;3.431;3.687;3.795;3.697;3.912;4.046;4.142;4.060;4.316;4.478;4.536;4.868;5.226;5.240;4.669;2.723;3.093;3.620;3.442;3.512;3.553;3.178;2.862;3.121;3.198;3.273;3.070;2.924;2.745;2.660;2.520;2.197;2.065;1.708;1.520;1.239;994;719;518;452;278;564
Female;Shimane-ken;346.835;2.150;2.290;2.368;2.455;2.585;2.639;2.697;2.749;2.664;2.857;2.862;2.778;2.879;2.848;2.902;2.970;2.983;3.062;2.799;2.580;2.614;2.451;2.471;2.330;2.443;2.514;2.657;2.606;2.674;2.674;2.757;2.919;3.025;3.122;3.192;3.404;3.372;3.499;3.470;3.629;3.765;3.875;3.848;4.154;4.160;4.382;4.554;4.605;4.389;4.110;4.053;4.074;3.980;3.959;3.137;3.989;3.876;4.074;4.071;4.119;4.290;4.368;4.391;4.365;4.601;4.661;4.769;5.010;5.337;5.547;6.062;6.579;6.372;6.284;3.349;3.897;4.540;4.599;4.471;4.504;3.890;3.613;4.097;4.296;4.525;4.102;3.952;3.789;3.767;3.247;2.954;2.721;2.355;1.924;1.686;1.277;1.026;782;553;419;750
Female;Okayama-ken;980.387;6.470;6.595;6.943;7.157;7.402;7.469;7.566;7.773;7.845;7.945;8.060;8.002;8.156;8.026;7.969;8.048;8.553;8.737;9.468;9.906;9.957;9.964;9.750;9.422;9.235;9.254;8.987;8.776;8.765;8.787;9.101;9.371;9.291;9.753;9.890;10.272;10.573;10.709;10.555;10.623;10.985;11.105;11.775;12.265;13.073;13.898;14.432;14.682;14.181;13.670;13.039;12.741;12.203;12.044;9.493;11.775;11.492;10.895;10.938;10.678;11.183;11.765;11.560;11.208;11.800;11.693;11.587;12.636;13.136;14.405;15.179;17.515;17.478;16.528;10.260;11.342;13.332;12.468;12.461;12.712;10.017;9.043;9.847;10.312;10.024;9.066;8.291;8.531;7.986;7.540;6.159;5.707;4.758;3.854;3.348;2.443;1.905;1.534;1.078;766;1.441
Female;Hiroshima-ken;1.442.546;9.467;9.815;10.495;10.730;10.991;11.602;11.659;12.029;12.128;12.271;12.294;12.363;12.463;12.369;12.113;12.139;12.565;12.695;12.939;12.818;13.202;13.064;13.160;13.159;12.853;13.051;12.980;12.814;12.809;12.970;13.158;13.560;13.880;14.525;14.700;14.932;15.633;16.210;15.901;16.002;17.172;17.093;18.140;18.666;19.778;20.961;22.166;22.425;22.117;21.313;19.987;19.846;19.231;18.946;14.579;18.249;16.942;16.634;16.373;16.082;16.429;16.926;16.879;16.078;16.961;17.026;17.341;18.872;19.264;21.530;22.713;25.481;24.524;24.767;15.248;16.790;18.854;18.364;18.855;18.061;15.267;12.855;13.606;14.194;13.653;12.927;11.645;11.244;10.393;9.482;8.196;7.560;6.624;5.325;4.501;3.591;2.658;2.019;1.523;1.119;1.993
Female;Yamaguchi-ken;705.323;4.003;4.135;4.362;4.523;4.728;4.820;4.837;5.143;5.173;5.539;5.509;5.505;5.626;5.568;5.534;5.652;5.701;5.863;5.735;5.819;5.803;5.642;5.395;5.111;5.030;5.105;5.089;5.165;5.130;5.012;5.277;5.466;5.710;5.947;6.363;6.631;6.984;6.999;6.917;7.000;7.407;7.818;7.817;8.577;8.787;9.339;9.672;9.804;9.741;9.311;9.233;8.998;8.981;8.929;6.610;8.557;8.045;8.022;8.011;8.063;8.359;8.952;9.015;8.591;9.439;9.450;9.538;10.460;11.002;11.911;12.951;14.565;13.664;13.768;8.487;8.794;10.490;10.168;10.508;10.640;8.969;7.751;8.171;8.622;8.302;7.892;7.197;6.976;6.628;5.962;4.884;4.553;3.947;3.123;2.662;2.077;1.638;1.254;915;636;1.139
Female;Tokushima-ken;376.294;2.067;2.067;2.277;2.337;2.439;2.557;2.463;2.641;2.630;2.703;2.749;2.741;2.769;2.835;2.824;2.771;2.949;3.065;3.064;3.094;3.266;3.087;3.027;2.864;2.705;2.686;2.716;2.738;2.762;2.752;2.960;3.188;3.131;3.379;3.474;3.579;3.911;3.922;3.863;3.938;4.055;4.210;4.455;4.443;4.792;5.144;5.246;5.273;5.191;5.011;4.857;4.695;4.693;4.803;3.711;4.979;4.658;4.657;4.535;4.516;4.811;5.143;5.030;4.901;5.384;5.636;5.577;5.820;6.087;6.412;6.748;7.459;7.726;6.658;3.658;4.053;5.040;4.934;5.086;4.929;4.368;3.948;4.024;4.598;4.294;4.003;3.801;3.956;3.442;3.238;2.861;2.607;2.178;1.684;1.478;1.095;835;619;439;311;509
Female;Kagawa-ken;491.047;3.037;3.104;3.396;3.433;3.506;3.681;3.764;3.782;3.973;3.875;4.049;3.997;4.078;4.153;4.111;4.171;4.319;4.340;4.096;3.767;3.901;3.797;3.827;3.811;3.757;3.905;3.852;3.877;3.955;4.025;4.266;4.265;4.466;4.644;4.791;5.097;5.196;5.307;5.187;5.441;5.728;5.878;6.146;6.505;6.840;7.067;7.432;7.467;7.223;6.683;6.658;6.237;6.225;6.167;4.587;6.266;5.795;5.406;5.635;5.438;5.709;6.338;6.111;5.812;6.401;6.465;6.058;6.934;7.191;7.881;8.240;9.647;9.497;9.141;5.108;5.488;6.557;6.074;6.419;6.089;5.271;4.562;5.075;5.288;5.184;4.827;4.452;4.492;4.113;3.798;3.262;2.998;2.530;2.099;1.787;1.275;984;721;581;417;789
Female;Ehime-ken;701.779;3.775;3.987;4.506;4.515;4.835;4.883;4.875;5.164;5.435;5.339;5.474;5.610;5.637;5.617;5.615;5.604;5.814;5.918;5.484;5.112;5.382;5.282;5.267;5.266;5.068;5.221;5.254;5.153;5.335;5.423;5.638;5.769;6.108;6.425;6.544;6.933;7.105;7.347;7.340;7.303;7.670;7.851;8.301;8.815;8.994;9.501;10.007;10.133;9.819;9.512;9.149;9.139;9.021;8.922;6.854;9.339;8.722;8.597;8.675;8.302;8.825;9.385;9.179;9.021;9.541;9.821;9.555;10.319;11.262;11.696;12.465;13.797;13.072;12.312;7.733;8.345;9.853;8.640;9.498;9.538;8.338;7.454;7.536;8.171;7.643;7.365;6.829;6.506;6.216;5.573;5.062;4.570;3.945;3.162;2.650;1.980;1.522;1.157;873;592;1.093
Female;Kochi-ken;364.996;1.978;2.032;2.227;2.253;2.302;2.504;2.408;2.559;2.571;2.520;2.598;2.645;2.686;2.745;2.754;2.876;2.962;2.940;2.891;2.723;2.721;2.752;2.515;2.364;2.312;2.376;2.500;2.601;2.458;2.550;2.666;2.789;2.943;3.039;3.241;3.444;3.483;3.689;3.613;3.778;3.653;4.012;4.191;4.363;4.814;4.889;5.060;5.151;5.026;4.794;4.692;4.567;4.479;4.500;3.317;4.549;4.484;4.520;4.379;4.340;4.600;4.767;4.803;4.579;4.861;5.104;5.116;5.471;5.823;5.993;6.653;7.270;7.125;7.103;4.106;4.611;5.612;4.915;5.290;5.181;4.558;3.942;4.140;4.518;4.288;4.191;3.975;4.066;3.628;3.323;3.091;2.703;2.477;1.948;1.618;1.304;1.000;786;548;376;745
Female;Fukuoka-ken;2.704.263;18.867;19.486;20.478;20.841;21.432;22.100;21.842;22.263;22.428;22.884;22.837;22.824;23.151;22.716;21.831;21.694;22.454;22.337;25.342;27.543;27.480;26.920;27.583;27.539;27.585;27.463;27.043;26.302;26.605;26.566;26.701;27.382;27.659;29.203;29.927;30.996;32.128;32.260;32.594;32.775;33.903;34.769;35.356;35.903;36.952;38.379;39.698;39.551;38.638;36.916;36.212;35.752;34.468;34.445;27.741;33.275;31.278;30.796;30.734;30.379;30.938;32.208;31.532;30.402;32.788;33.292;33.678;36.604;37.680;40.447;42.184;46.748;43.596;41.014;25.542;26.800;32.299;29.854;31.502;31.581;27.655;24.191;24.597;25.457;24.443;22.589;21.113;19.860;18.890;16.686;14.065;13.225;11.090;8.647;7.252;5.711;4.296;3.367;2.416;1.680;3.138
Female;Saga-ken;426.991;2.869;3.029;3.221;3.174;3.451;3.465;3.531;3.637;3.642;3.845;3.794;3.833;3.973;3.936;3.723;3.932;3.992;4.061;3.787;3.794;3.807;3.633;3.589;3.510;3.378;3.364;3.427;3.341;3.461;3.557;3.582;3.902;3.957;4.177;4.253;4.519;4.645;4.781;4.744;4.683;5.034;5.022;5.046;5.234;5.324;5.359;5.719;5.497;5.412;5.192;5.135;5.241;5.193;5.229;4.473;5.216;5.143;5.025;5.168;5.309;5.489;5.736;5.670;5.473;5.872;6.086;6.103;6.442;6.652;6.898;6.991;7.418;6.769;6.263;3.972;4.315;5.048;4.920;5.181;5.082;4.717;4.096;4.305;4.484;4.336;4.123;3.926;3.775;3.566;3.090;2.840;2.580;2.257;1.765;1.558;1.215;857;704;489;331;627
Female;Nagasaki-ken;695.405;4.396;4.665;4.753;4.992;5.140;5.328;5.424;5.548;5.597;5.627;5.559;5.707;5.804;5.795;5.749;5.809;6.033;6.039;5.593;5.056;5.163;5.104;4.999;4.688;4.808;4.984;5.096;5.047;5.195;5.259;5.546;5.865;6.020;6.430;6.319;6.801;7.015;7.139;7.282;7.282;7.539;7.798;7.742;8.026;8.449;8.754;9.172;9.263;8.952;8.689;8.601;9.018;8.710;8.956;7.452;8.988;8.691;8.795;8.717;9.000;9.605;9.542;9.807;9.128;10.114;10.459;10.721;10.845;11.411;11.751;12.071;13.058;12.141;11.382;7.104;7.351;9.056;8.223;9.205;9.077;8.504;7.630;7.871;7.744;7.499;7.371;6.847;6.439;6.216;5.345;4.906;4.277;3.741;3.066;2.579;2.053;1.581;1.202;866;583;1.066
Female;Kumamoto-ken;915.820;6.260;6.416;6.941;7.067;7.261;7.581;7.559;7.646;7.691;7.771;7.956;7.997;8.073;7.869;7.750;7.725;7.887;8.091;7.824;7.469;7.561;7.516;7.264;7.213;7.076;7.188;7.359;7.629;7.677;7.616;7.869;8.301;8.675;8.927;9.228;9.617;10.117;9.809;10.136;10.182;10.503;10.671;10.904;10.988;11.418;11.624;11.836;11.997;11.489;11.009;10.665;11.032;11.025;11.817;9.382;11.422;11.150;11.152;11.214;11.415;11.541;12.330;12.113;11.949;12.793;12.954;13.079;13.504;13.953;14.303;14.770;15.801;14.920;13.853;8.852;9.287;10.987;10.706;10.868;11.253;10.184;9.311;9.909;10.251;9.652;9.418;8.699;8.580;7.791;7.146;6.380;5.730;4.960;4.108;3.416;2.751;2.095;1.601;1.194;810;1.511
Female;Oita-ken;590.438;3.626;3.727;4.015;4.054;4.359;4.326;4.429;4.480;4.559;4.831;4.816;4.842;4.908;4.764;4.929;4.679;4.761;5.021;4.718;4.720;4.702;4.784;4.587;4.371;4.291;4.318;4.448;4.372;4.446;4.668;4.718;5.015;5.078;5.401;5.657;5.742;6.008;6.207;6.196;6.362;6.594;6.801;6.982;7.194;7.644;7.687;7.948;8.059;7.758;7.452;7.268;7.372;7.116;7.426;5.318;7.251;6.917;7.008;6.913;6.941;7.401;7.975;7.690;7.535;8.352;8.351;8.369;8.937;9.197;9.963;10.316;11.263;11.028;10.206;6.341;6.932;8.153;7.631;7.903;7.840;6.921;6.206;6.487;7.102;6.415;6.342;5.897;5.653;5.044;4.936;4.229;3.816;3.292;2.770;2.175;1.709;1.383;1.025;727;463;879
Female;Miyazaki-ken;564.813;3.753;3.883;4.034;4.251;4.367;4.513;4.599;4.792;4.844;4.870;5.012;4.845;5.085;4.959;4.835;4.795;5.025;5.015;4.548;4.049;4.235;4.001;4.085;3.917;3.907;4.108;4.118;4.104;4.219;4.198;4.657;4.709;4.986;5.347;5.415;5.746;5.948;6.164;6.283;6.170;6.405;6.642;6.631;6.971;7.203;7.373;7.543;7.337;7.107;6.815;6.628;6.680;6.840;6.842;5.368;6.939;6.773;7.017;6.805;6.997;7.421;7.803;7.587;7.867;8.195;8.272;8.465;8.605;9.000;9.430;9.660;10.565;10.316;9.183;5.405;5.891;6.972;6.546;7.090;7.162;6.254;5.958;6.098;6.575;5.944;6.076;5.403;5.513;4.797;4.388;3.946;3.583;3.062;2.508;2.143;1.626;1.157;912;724;485;919
Female;Kagoshima-ken;839.950;5.444;5.776;6.210;6.174;6.527;6.706;6.760;6.959;7.189;7.287;7.194;7.149;7.311;7.099;7.004;7.098;7.357;7.355;6.874;6.311;6.297;6.151;6.205;6.144;6.037;6.261;6.196;6.401;6.739;6.735;7.157;7.312;7.755;8.250;7.938;8.850;9.058;9.337;9.349;9.381;9.519;9.818;9.790;10.095;10.157;10.174;10.409;10.456;10.270;9.772;9.797;9.882;9.994;10.402;8.809;10.236;10.409;10.655;10.383;10.883;11.326;11.655;11.892;12.181;12.651;12.738;13.150;12.644;13.647;13.364;13.438;14.304;14.130;11.963;7.994;8.006;10.090;9.494;9.937;10.262;9.418;9.079;9.092;9.569;8.885;9.057;8.264;8.150;7.754;6.771;6.377;5.565;4.899;4.124;3.168;2.644;2.031;1.524;1.152;827;1.487
Female;Okinawa-ken;744.668;7.266;7.207;7.585;7.715;8.040;8.144;8.017;8.346;8.313;8.367;8.275;8.180;8.197;8.074;7.833;7.786;7.875;7.911;7.389;7.205;7.094;7.070;7.008;7.256;7.133;7.334;7.505;7.552;7.904;7.756;7.939;8.188;8.706;8.894;9.278;9.697;9.689;9.638;9.542;9.423;9.805;9.872;9.720;10.261;10.226;10.649;11.189;10.985;10.361;10.093;9.847;9.746;9.634;9.533;7.932;8.865;8.810;8.919;8.872;8.924;8.845;9.381;9.168;9.016;9.328;9.350;9.678;9.715;9.659;9.762;9.785;8.789;9.104;7.551;3.614;4.338;5.786;5.919;6.024;6.058;5.781;5.781;5.782;5.589;5.524;4.987;4.648;4.493;3.849;3.422;3.238;2.865;2.556;2.000;1.539;1.208;925;818;738;444;1.037
